game_id,home_win_prob
game_1,0.8370567587152882
game_2,0.7407221521564294
game_3,0.7309244803361001
game_4,0.7526861220654693
game_5,0.7090407863171406
game_6,0.762913929300232
game_7,0.6685800808518206
game_8,0.6915389533988182
game_9,0.651096183614487
game_10,0.5822264554378253
game_11,0.6219242974949043
game_12,0.5085744960516921
game_13,0.6007598535878729
game_14,0.5041875438994606
game_15,0.4941019409188651
game_16,0.555053166181376
