game_id,home_win_prob
game_1,0.7906334543826914
game_2,0.737092216662802
game_3,0.7580943730841431
game_4,0.7996398118088393
game_5,0.7228768097435971
game_6,0.6187709214024589
game_7,0.7998442397107177
game_8,0.6440156401423281
game_9,0.74640265299503
game_10,0.6265286303377331
game_11,0.6826064564896486
game_12,0.7159713609758029
game_13,0.705620339148162
game_14,0.6947507825541002
game_15,0.5787238302859434
game_16,0.6193579041539504
